Method,tarantula,ochiai,dstar,tarantula_gc,ochiai_gc,dstar_gc,tarantula_rank,tarantula_exam_score,tarantula_gc_rank,tarantula_gc_exam_score,ochiai_rank,ochiai_exam_score,ochiai_gc_rank,ochiai_gc_exam_score,dstar_rank,dstar_exam_score,dstar_gc_rank,dstar_gc_exam_score
org.apache.commons.lang.LocaleUtils#isAvailableLocale(java.util.Locale),0.8680917622523462,0.0601929265428846,0.030303030303030304,1.884190913687024,-2.748119767072602,-3.4657359027997265,1.5,0.21428571428571427,1.5,0.21428571428571427,1.5,0.21428571428571427,1.5,0.21428571428571427,1.5,0.21428571428571427,1.5,0.21428571428571427
org.apache.commons.lang.LocaleUtils#availableLocaleList(),0.8680917622523462,0.0601929265428846,0.030303030303030304,1.884190913687024,-2.748119767072602,-3.4657359027997265,1.5,0.21428571428571427,1.5,0.21428571428571427,1.5,0.21428571428571427,1.5,0.21428571428571427,1.5,0.21428571428571427,1.5,0.21428571428571427
org.apache.commons.lang.LocaleUtils#languagesByCountry(java.lang.String),0.0,0.0,0.0,-1000000000.0,-1000000000.0,-1000000000.0,5.0,0.7142857142857143,5.0,0.7142857142857143,5.0,0.7142857142857143,5.0,0.7142857142857143,5.0,0.7142857142857143,5.0,0.7142857142857143
org.apache.commons.lang.LocaleUtils#localeLookupList(java.util.Locale),0.0,0.0,0.0,-1000000000.0,-1000000000.0,-1000000000.0,5.0,0.7142857142857143,5.0,0.7142857142857143,5.0,0.7142857142857143,5.0,0.7142857142857143,5.0,0.7142857142857143,5.0,0.7142857142857143
"org.apache.commons.lang.LocaleUtils#localeLookupList(java.util.Locale,java.util.Locale)",0.0,0.0,0.0,-1000000000.0,-1000000000.0,-1000000000.0,5.0,0.7142857142857143,5.0,0.7142857142857143,5.0,0.7142857142857143,5.0,0.7142857142857143,5.0,0.7142857142857143,5.0,0.7142857142857143
org.apache.commons.lang.LocaleUtils#countriesByLanguage(java.lang.String),0.0,0.0,0.0,-1000000000.0,-1000000000.0,-1000000000.0,5.0,0.7142857142857143,5.0,0.7142857142857143,5.0,0.7142857142857143,5.0,0.7142857142857143,5.0,0.7142857142857143,5.0,0.7142857142857143
org.apache.commons.lang.LocaleUtils#availableLocaleSet(),0.0,0.0,0.0,-1000000000.0,-1000000000.0,-1000000000.0,5.0,0.7142857142857143,5.0,0.7142857142857143,5.0,0.7142857142857143,5.0,0.7142857142857143,5.0,0.7142857142857143,5.0,0.7142857142857143
