Method,tarantula,ochiai,dstar,tarantula_gc,ochiai_gc,dstar_gc,tarantula_rank,tarantula_exam_score,tarantula_gc_rank,tarantula_gc_exam_score,ochiai_rank,ochiai_exam_score,ochiai_gc_rank,ochiai_gc_exam_score,dstar_rank,dstar_exam_score,dstar_gc_rank,dstar_gc_exam_score
org.apache.commons.collections.functors.EqualPredicate#equalPredicate(java.lang.Object),0.09160860086350618,0.004624972900628803,0.00023479690068091102,-4.2941501788789855,-7.371649066179178,-10.356554845453424,5.0,0.8333333333333334,5.0,0.8333333333333334,5.0,0.8333333333333334,5.0,0.8333333333333334,5.0,0.8333333333333334,5.0,0.8333333333333334
org.apache.commons.collections.functors.EqualPredicate#EqualPredicate(java.lang.Object),0.11194692576921068,0.005113099925649137,0.0002349072116513977,-4.071006627564776,-7.270823203076087,-10.35608503102148,2.5,0.4166666666666667,4.0,0.6666666666666666,2.5,0.4166666666666667,4.0,0.6666666666666666,2.5,0.4166666666666667,4.0,0.6666666666666666
org.apache.commons.collections.functors.EqualPredicate#evaluate(java.lang.Object),0.11194692576921068,0.005113099925649137,0.0002349072116513977,-3.071006627564776,-6.270823203076086,-9.35608503102148,2.5,0.4166666666666667,2.0,0.3333333333333333,2.5,0.4166666666666667,3.0,0.5,2.5,0.4166666666666667,2.0,0.3333333333333333
"org.apache.commons.collections.functors.DefaultEquator#equate(java.lang.Object,java.lang.Object)",0.11194692576921068,0.005113099925649137,0.0002349072116513977,-3.071006627564776,-6.270823203076085,-9.35608503102148,2.5,0.4166666666666667,2.0,0.3333333333333333,2.5,0.4166666666666667,1.5,0.25,2.5,0.4166666666666667,2.0,0.3333333333333333
org.apache.commons.collections.functors.NullPredicate#nullPredicate(),0.0,0.0,0.0,-1000000000.0,-1000000000.0,-1000000000.0,6.0,1.0,6.0,1.0,6.0,1.0,6.0,1.0,6.0,1.0,6.0,1.0
"org.apache.commons.collections.functors.EqualPredicate#EqualPredicate(java.lang.Object,org.apache.commons.collections.functors.Equator)",0.11194692576921068,0.005113099925649137,0.0002349072116513977,-3.071006627564776,-6.270823203076085,-9.35608503102148,2.5,0.4166666666666667,2.0,0.3333333333333333,2.5,0.4166666666666667,1.5,0.25,2.5,0.4166666666666667,2.0,0.3333333333333333
