Method,tarantula,ochiai,dstar,tarantula_gc,ochiai_gc,dstar_gc,tarantula_rank,tarantula_exam_score,tarantula_gc_rank,tarantula_gc_exam_score,ochiai_rank,ochiai_exam_score,ochiai_gc_rank,ochiai_gc_exam_score,dstar_rank,dstar_exam_score,dstar_gc_rank,dstar_gc_exam_score
org.apache.commons.lang.LocaleUtils#isAvailableLocale(java.util.Locale),0.8680917622523462,0.0601929265428846,0.030303030303030304,2.6114907615752525,-3.748119767072602,-4.465735902799727,1.5,0.21428571428571427,1.0,0.14285714285714285,1.5,0.21428571428571427,1.0,0.14285714285714285,1.5,0.21428571428571427,1.0,0.14285714285714285
org.apache.commons.lang.LocaleUtils#availableLocaleList(),0.8680917622523462,0.0601929265428846,0.030303030303030304,1.727299847888228,-4.905010832871398,-5.622626968598523,1.5,0.21428571428571427,2.0,0.2857142857142857,1.5,0.21428571428571427,2.0,0.2857142857142857,1.5,0.21428571428571427,2.0,0.2857142857142857
org.apache.commons.lang.LocaleUtils#languagesByCountry(java.lang.String),0.0,0.0,0.0,-999999999.5372435,-1000000000.0,-1000000000.0,5.0,0.7142857142857143,3.5,0.5,5.0,0.7142857142857143,5.0,0.7142857142857143,5.0,0.7142857142857143,5.0,0.7142857142857143
org.apache.commons.lang.LocaleUtils#localeLookupList(java.util.Locale),0.0,0.0,0.0,-999999999.9999999,-1000000000.0,-1000000000.0,5.0,0.7142857142857143,6.5,0.9285714285714286,5.0,0.7142857142857143,5.0,0.7142857142857143,5.0,0.7142857142857143,5.0,0.7142857142857143
"org.apache.commons.lang.LocaleUtils#localeLookupList(java.util.Locale,java.util.Locale)",0.0,0.0,0.0,-999999999.9999999,-1000000000.0,-1000000000.0,5.0,0.7142857142857143,6.5,0.9285714285714286,5.0,0.7142857142857143,5.0,0.7142857142857143,5.0,0.7142857142857143,5.0,0.7142857142857143
org.apache.commons.lang.LocaleUtils#countriesByLanguage(java.lang.String),0.0,0.0,0.0,-999999999.5372435,-1000000000.0,-1000000000.0,5.0,0.7142857142857143,3.5,0.5,5.0,0.7142857142857143,5.0,0.7142857142857143,5.0,0.7142857142857143,5.0,0.7142857142857143
org.apache.commons.lang.LocaleUtils#availableLocaleSet(),0.0,0.0,0.0,-999999999.7686217,-1000000000.0,-1000000000.0,5.0,0.7142857142857143,5.0,0.7142857142857143,5.0,0.7142857142857143,5.0,0.7142857142857143,5.0,0.7142857142857143,5.0,0.7142857142857143
