Method,tarantula,ochiai,dstar,tarantula_gc,ochiai_gc,dstar_gc,tarantula_rank,tarantula_exam_score,tarantula_gc_rank,tarantula_gc_exam_score,ochiai_rank,ochiai_exam_score,ochiai_gc_rank,ochiai_gc_exam_score,dstar_rank,dstar_exam_score,dstar_gc_rank,dstar_gc_exam_score
"org.apache.commons.compress.utils.ArchiveUtils#isEqual(byte[],byte[])",0.0,0.0,0.0,-1000000000.0,-1000000000.0000001,-999999999.9999999,5.0,0.7142857142857143,5.0,0.7142857142857143,5.0,0.7142857142857143,6.5,0.9285714285714286,5.0,0.7142857142857143,3.5,0.5
"org.apache.commons.compress.utils.ArchiveUtils#isEqual(byte[],int,int,byte[],int,int,boolean)",0.0,0.0,0.0,-1000000000.0,-1000000000.0000001,-999999999.9999999,5.0,0.7142857142857143,5.0,0.7142857142857143,5.0,0.7142857142857143,6.5,0.9285714285714286,5.0,0.7142857142857143,3.5,0.5
org.apache.commons.compress.archivers.ArchiveStreamFactory#ArchiveStreamFactory(),0.10109743930828068,0.013579388009784003,0.0029940119760479044,-2.285089844870226,-4.3855297922484455,-5.908142489980444,1.5,0.21428571428571427,1.5,0.21428571428571427,1.5,0.21428571428571427,1.0,0.14285714285714285,1.5,0.21428571428571427,1.5,0.21428571428571427
org.apache.commons.compress.archivers.ArchiveStreamFactory#ArchiveStreamFactory(java.lang.String),0.10109743930828068,0.013579388009784003,0.0029940119760479044,-2.285089844870226,-4.385529792248446,-5.908142489980444,1.5,0.21428571428571427,1.5,0.21428571428571427,1.5,0.21428571428571427,2.0,0.2857142857142857,1.5,0.21428571428571427,1.5,0.21428571428571427
"org.apache.commons.compress.utils.ArchiveUtils#matchAsciiBuffer(java.lang.String,byte[])",0.0,0.0,0.0,-1000000000.0,-1000000000.0,-1000000000.0,5.0,0.7142857142857143,5.0,0.7142857142857143,5.0,0.7142857142857143,4.0,0.5714285714285714,5.0,0.7142857142857143,6.0,0.8571428571428571
"org.apache.commons.compress.utils.ArchiveUtils#matchAsciiBuffer(java.lang.String,byte[],int,int)",0.0,0.0,0.0,-1000000000.0,-1000000000.0,-1000000000.0,5.0,0.7142857142857143,5.0,0.7142857142857143,5.0,0.7142857142857143,4.0,0.5714285714285714,5.0,0.7142857142857143,6.0,0.8571428571428571
"org.apache.commons.compress.utils.ArchiveUtils#isEqual(byte[],byte[],boolean)",0.0,0.0,0.0,-1000000000.0,-1000000000.0,-1000000000.0,5.0,0.7142857142857143,5.0,0.7142857142857143,5.0,0.7142857142857143,4.0,0.5714285714285714,5.0,0.7142857142857143,6.0,0.8571428571428571
