{
    "Num_Nodes": 184,
    "Num_Edges": 239,
    "Density": 0.0070978854834877645,
    "Is_DAG": false,
    "Reciprocity": 0.03347280334728033,
    "Num_SCC": 172,
    "Num_WCC": 15,
    "Degree_Assortativity": -0.21799552885593854,
    "Largest_SCC_Avg_Path_Length": 2.948717948717949,
    "Largest_SCC_Diameter": 7
}