{
    "Num_Nodes": 123,
    "Num_Edges": 184,
    "Density": 0.012261761961881914,
    "Is_DAG": false,
    "Reciprocity": 0.010869565217391304,
    "Num_SCC": 122,
    "Num_WCC": 3,
    "Degree_Assortativity": 0.303524878271555,
    "Largest_SCC_Avg_Path_Length": 1.0,
    "Largest_SCC_Diameter": 1
}