{
    "Num_Nodes": 543,
    "Num_Edges": 797,
    "Density": 0.002708065754690696,
    "Is_DAG": false,
    "Reciprocity": 0.002509410288582183,
    "Num_SCC": 537,
    "Num_WCC": 29,
    "Degree_Assortativity": -0.20502294481541294,
    "Largest_SCC_Avg_Path_Length": 2.5,
    "Largest_SCC_Diameter": 5
}