{
    "Num_Nodes": 18,
    "Num_Edges": 23,
    "Density": 0.07516339869281045,
    "Is_DAG": false,
    "Reciprocity": 0.17391304347826086,
    "Num_SCC": 16,
    "Num_WCC": 2,
    "Degree_Assortativity": 0.21177936240075546,
    "Largest_SCC_Avg_Path_Length": 1.3333333333333333,
    "Largest_SCC_Diameter": 2
}