{
    "Num_Nodes": 271,
    "Num_Edges": 416,
    "Density": 0.005685390187235206,
    "Is_DAG": false,
    "Reciprocity": 0.004807692307692308,
    "Num_SCC": 270,
    "Num_WCC": 8,
    "Degree_Assortativity": -0.12588676730637752,
    "Largest_SCC_Avg_Path_Length": 1.0,
    "Largest_SCC_Diameter": 1
}