{
    "Num_Nodes": 125,
    "Num_Edges": 188,
    "Density": 0.012129032258064516,
    "Is_DAG": false,
    "Reciprocity": 0.06382978723404255,
    "Num_SCC": 116,
    "Num_WCC": 8,
    "Degree_Assortativity": -0.27752648255855017,
    "Largest_SCC_Avg_Path_Length": 2.2666666666666666,
    "Largest_SCC_Diameter": 4
}