{
    "Num_Nodes": 771,
    "Num_Edges": 1760,
    "Density": 0.002964609968501019,
    "Is_DAG": false,
    "Reciprocity": 0.017045454545454544,
    "Num_SCC": 734,
    "Num_WCC": 12,
    "Degree_Assortativity": -0.16551663868917288,
    "Largest_SCC_Avg_Path_Length": 2.7406417112299466,
    "Largest_SCC_Diameter": 5
}