{
    "Num_Nodes": 163,
    "Num_Edges": 304,
    "Density": 0.011512535029917443,
    "Is_DAG": false,
    "Reciprocity": 0.02631578947368421,
    "Num_SCC": 156,
    "Num_WCC": 6,
    "Degree_Assortativity": 0.03788794258933571,
    "Largest_SCC_Avg_Path_Length": 2.0,
    "Largest_SCC_Diameter": 3
}