{
    "Num_Nodes": 493,
    "Num_Edges": 821,
    "Density": 0.003384785369151866,
    "Is_DAG": false,
    "Reciprocity": 0.007308160779537149,
    "Num_SCC": 479,
    "Num_WCC": 11,
    "Degree_Assortativity": -0.2795041604004422,
    "Largest_SCC_Avg_Path_Length": 2.5256410256410255,
    "Largest_SCC_Diameter": 5
}