{
    "Num_Nodes": 747,
    "Num_Edges": 1720,
    "Density": 0.0030865194468670033,
    "Is_DAG": false,
    "Reciprocity": 0.01744186046511628,
    "Num_SCC": 710,
    "Num_WCC": 11,
    "Degree_Assortativity": -0.1698824291764574,
    "Largest_SCC_Avg_Path_Length": 2.7406417112299466,
    "Largest_SCC_Diameter": 5
}