{
    "Num_Nodes": 768,
    "Num_Edges": 1736,
    "Density": 0.002947088222511951,
    "Is_DAG": false,
    "Reciprocity": 0.01728110599078341,
    "Num_SCC": 731,
    "Num_WCC": 12,
    "Degree_Assortativity": -0.17047604768806193,
    "Largest_SCC_Avg_Path_Length": 2.7406417112299466,
    "Largest_SCC_Diameter": 5
}