{
    "Num_Nodes": 558,
    "Num_Edges": 955,
    "Density": 0.003072656255027252,
    "Is_DAG": false,
    "Reciprocity": 0.004188481675392671,
    "Num_SCC": 539,
    "Num_WCC": 12,
    "Degree_Assortativity": -0.3068319623024206,
    "Largest_SCC_Avg_Path_Length": 2.484848484848485,
    "Largest_SCC_Diameter": 5
}