{
    "Num_Nodes": 494,
    "Num_Edges": 858,
    "Density": 0.003523006298708231,
    "Is_DAG": false,
    "Reciprocity": 0.018648018648018648,
    "Num_SCC": 457,
    "Num_WCC": 16,
    "Degree_Assortativity": -0.23346446523945968,
    "Largest_SCC_Avg_Path_Length": 2.905263157894737,
    "Largest_SCC_Diameter": 7
}