{
    "Num_Nodes": 511,
    "Num_Edges": 975,
    "Density": 0.003741222516403822,
    "Is_DAG": false,
    "Reciprocity": 0.012307692307692308,
    "Num_SCC": 487,
    "Num_WCC": 9,
    "Degree_Assortativity": -0.23604545308877015,
    "Largest_SCC_Avg_Path_Length": 2.94,
    "Largest_SCC_Diameter": 6
}