{
    "Num_Nodes": 50,
    "Num_Edges": 69,
    "Density": 0.02816326530612245,
    "Is_DAG": false,
    "Reciprocity": 0.028985507246376812,
    "Num_SCC": 49,
    "Num_WCC": 9,
    "Degree_Assortativity": 0.17236756023754088,
    "Largest_SCC_Avg_Path_Length": 1.0,
    "Largest_SCC_Diameter": 1
}