{
    "Num_Nodes": 27,
    "Num_Edges": 31,
    "Density": 0.04415954415954416,
    "Is_DAG": false,
    "Reciprocity": 0.12903225806451613,
    "Num_SCC": 25,
    "Num_WCC": 2,
    "Degree_Assortativity": -0.5297830428664992,
    "Largest_SCC_Avg_Path_Length": 1.0,
    "Largest_SCC_Diameter": 1
}