{
    "Num_Nodes": 264,
    "Num_Edges": 295,
    "Density": 0.004248761378038945,
    "Is_DAG": false,
    "Reciprocity": 0.006779661016949152,
    "Num_SCC": 256,
    "Num_WCC": 7,
    "Degree_Assortativity": -0.125025328390779,
    "Largest_SCC_Avg_Path_Length": 4.402777777777778,
    "Largest_SCC_Diameter": 8
}