{
    "Num_Nodes": 754,
    "Num_Edges": 1467,
    "Density": 0.002583829139674723,
    "Is_DAG": false,
    "Reciprocity": 0.0027266530334014998,
    "Num_SCC": 749,
    "Num_WCC": 13,
    "Degree_Assortativity": -0.04176811966221231,
    "Largest_SCC_Avg_Path_Length": 2.0,
    "Largest_SCC_Diameter": 3
}