{
    "Num_Nodes": 791,
    "Num_Edges": 1641,
    "Density": 0.0026260621869449025,
    "Is_DAG": false,
    "Reciprocity": 0.010968921389396709,
    "Num_SCC": 773,
    "Num_WCC": 19,
    "Degree_Assortativity": -0.06475640049136848,
    "Largest_SCC_Avg_Path_Length": 2.5714285714285716,
    "Largest_SCC_Diameter": 5
}