{
    "Num_Nodes": 651,
    "Num_Edges": 1234,
    "Density": 0.0029162235613848517,
    "Is_DAG": false,
    "Reciprocity": 0.0032414910858995136,
    "Num_SCC": 649,
    "Num_WCC": 11,
    "Degree_Assortativity": -0.09069434422913684,
    "Largest_SCC_Avg_Path_Length": 1.0,
    "Largest_SCC_Diameter": 1
}