{
    "Num_Nodes": 383,
    "Num_Edges": 564,
    "Density": 0.0038549341790493894,
    "Is_DAG": false,
    "Reciprocity": 0.0035460992907801418,
    "Num_SCC": 382,
    "Num_WCC": 18,
    "Degree_Assortativity": -0.19946657786172456,
    "Largest_SCC_Avg_Path_Length": 1.0,
    "Largest_SCC_Diameter": 1
}